﻿poi_group_id,poi_group_name_en,poi_group_name_th,poi_subgroup_id,poi_subgroup_name_en,poi_subgroup_name_th
1,Transportation,การขนส่ง,101,Mass Public Transit,ระบบขนส่งมวลชน
1,Transportation,การขนส่ง,102,Expressway,ทางด่วน
1,Transportation,การขนส่ง,103,Airport,ท่าอากาศยาน
2,Shopping,ชอปปิ้ง,201,Shopping Mall (Bangkok),ห้างสรรพสินค้า (กรุงเทพฯ)
2,Shopping,ชอปปิ้ง,202,Hypermarket,ไฮเปอร์มาร์เก็ต
2,Shopping,ชอปปิ้ง,203,Supermarket,ซุปเปอร์มาร์เกต
